{"web":{"client_id":"848266974673-n9gork5r94kprbk4p5jfululaj0hfq4a.apps.googleusercontent.com","project_id":"correoweb2-222009","auth_uri":"https://accounts.google.com/o/oauth2/auth","token_uri":"https://www.googleapis.com/oauth2/v3/token","auth_provider_x509_cert_url":"https://www.googleapis.com/oauth2/v1/certs","client_secret":"eizWxpt5Bvo5Z45KWaiXbBOl","redirect_uris":["https://proj1-ciscowow.c9users.io/proyecto/gmail/obtenercredenciales.php"],"javascript_origins":["https://proj1-ciscowow.c9users.io"]}}